codcli,categoria_problema,qtd_tickets,servicos_contratados,servico_sugerido,peso,score_bruto,prioridade_comercial,script_vendas
1388,SEGURANÇA,22,"FORTINET ANALYZER, FORTINET SUP E ATZ",Pacote de Cibersegurança / Firewall,3,66,MÉDIA,"Cliente (ID): 1388
Problema Recorrente: SEGURANÇA (22 tickets abertos)
Serviços Atuais: FORTINET ANALYZER, FORTINET SUP E ATZ
Serviço Sugerido: Pacote de Cibersegurança / Firewall
Prioridade: MÉDIA

SCRIPT DE ABORDAGEM:
""Olá, notei que sua equipe tem aberto chamados técnicos relacionados a SEGURANÇA. 
Como vocês ainda não possuem nosso serviço de Pacote de Cibersegurança / Firewall, gostaria de agendar uma reunião de 15 minutos para apresentar como essa solução eliminaria esses incidentes. Que tal amanhã à tarde?"""
2830,SEGURANÇA,46,"ACESSO DEDICADO - IP, FORTINET SUP E ATZ",Pacote de Cibersegurança / Firewall,3,138,ALTA,"Cliente (ID): 2830
Problema Recorrente: SEGURANÇA (46 tickets abertos)
Serviços Atuais: ACESSO DEDICADO - IP, FORTINET SUP E ATZ
Serviço Sugerido: Pacote de Cibersegurança / Firewall
Prioridade: ALTA

SCRIPT DE ABORDAGEM:
""Olá, notei que sua equipe tem aberto chamados técnicos relacionados a SEGURANÇA. 
Como vocês ainda não possuem nosso serviço de Pacote de Cibersegurança / Firewall, gostaria de agendar uma reunião de 15 minutos para apresentar como essa solução eliminaria esses incidentes. Que tal amanhã à tarde?"""
3260,SEGURANÇA,24,"ACESSO DEDICADO - IP, SONICWALL - MANUT E ATUALIZ",Pacote de Cibersegurança / Firewall,3,72,MÉDIA,"Cliente (ID): 3260
Problema Recorrente: SEGURANÇA (24 tickets abertos)
Serviços Atuais: ACESSO DEDICADO - IP, SONICWALL - MANUT E ATUALIZ
Serviço Sugerido: Pacote de Cibersegurança / Firewall
Prioridade: MÉDIA

SCRIPT DE ABORDAGEM:
""Olá, notei que sua equipe tem aberto chamados técnicos relacionados a SEGURANÇA. 
Como vocês ainda não possuem nosso serviço de Pacote de Cibersegurança / Firewall, gostaria de agendar uma reunião de 15 minutos para apresentar como essa solução eliminaria esses incidentes. Que tal amanhã à tarde?"""
3379,SEGURANÇA,46,,Pacote de Cibersegurança / Firewall,3,138,ALTA,"Cliente (ID): 3379
Problema Recorrente: SEGURANÇA (46 tickets abertos)
Serviços Atuais: 
Serviço Sugerido: Pacote de Cibersegurança / Firewall
Prioridade: ALTA

SCRIPT DE ABORDAGEM:
""Olá, notei que sua equipe tem aberto chamados técnicos relacionados a SEGURANÇA. 
Como vocês ainda não possuem nosso serviço de Pacote de Cibersegurança / Firewall, gostaria de agendar uma reunião de 15 minutos para apresentar como essa solução eliminaria esses incidentes. Que tal amanhã à tarde?"""
3393,SEGURANÇA,26,"FORTINET ANALYZER, FORTINET SUP E ATZ",Pacote de Cibersegurança / Firewall,3,78,MÉDIA,"Cliente (ID): 3393
Problema Recorrente: SEGURANÇA (26 tickets abertos)
Serviços Atuais: FORTINET ANALYZER, FORTINET SUP E ATZ
Serviço Sugerido: Pacote de Cibersegurança / Firewall
Prioridade: MÉDIA

SCRIPT DE ABORDAGEM:
""Olá, notei que sua equipe tem aberto chamados técnicos relacionados a SEGURANÇA. 
Como vocês ainda não possuem nosso serviço de Pacote de Cibersegurança / Firewall, gostaria de agendar uma reunião de 15 minutos para apresentar como essa solução eliminaria esses incidentes. Que tal amanhã à tarde?"""
3535,SEGURANÇA,79,"FORTINET ANALYZER, FORTINET SUP E ATZ",Pacote de Cibersegurança / Firewall,3,237,ALTA,"Cliente (ID): 3535
Problema Recorrente: SEGURANÇA (79 tickets abertos)
Serviços Atuais: FORTINET ANALYZER, FORTINET SUP E ATZ
Serviço Sugerido: Pacote de Cibersegurança / Firewall
Prioridade: ALTA

SCRIPT DE ABORDAGEM:
""Olá, notei que sua equipe tem aberto chamados técnicos relacionados a SEGURANÇA. 
Como vocês ainda não possuem nosso serviço de Pacote de Cibersegurança / Firewall, gostaria de agendar uma reunião de 15 minutos para apresentar como essa solução eliminaria esses incidentes. Que tal amanhã à tarde?"""
3673,INTERNET/REDE,20,"FORTINET ANALYZER, FORTINET SUP E ATZ",Acesso Dedicado Link Corporativo,2,40,BAIXA,"Cliente (ID): 3673
Problema Recorrente: INTERNET/REDE (20 tickets abertos)
Serviços Atuais: FORTINET ANALYZER, FORTINET SUP E ATZ
Serviço Sugerido: Acesso Dedicado Link Corporativo
Prioridade: BAIXA

SCRIPT DE ABORDAGEM:
""Olá, notei que sua equipe tem aberto chamados técnicos relacionados a INTERNET/REDE. 
Como vocês ainda não possuem nosso serviço de Acesso Dedicado Link Corporativo, gostaria de agendar uma reunião de 15 minutos para apresentar como essa solução eliminaria esses incidentes. Que tal amanhã à tarde?"""
3673,SEGURANÇA,104,"FORTINET ANALYZER, FORTINET SUP E ATZ",Pacote de Cibersegurança / Firewall,3,312,ALTA,"Cliente (ID): 3673
Problema Recorrente: SEGURANÇA (104 tickets abertos)
Serviços Atuais: FORTINET ANALYZER, FORTINET SUP E ATZ
Serviço Sugerido: Pacote de Cibersegurança / Firewall
Prioridade: ALTA

SCRIPT DE ABORDAGEM:
""Olá, notei que sua equipe tem aberto chamados técnicos relacionados a SEGURANÇA. 
Como vocês ainda não possuem nosso serviço de Pacote de Cibersegurança / Firewall, gostaria de agendar uma reunião de 15 minutos para apresentar como essa solução eliminaria esses incidentes. Que tal amanhã à tarde?"""
3800,SEGURANÇA,38,"FORTINET ANALYZER, FORTINET SUP E ATZ",Pacote de Cibersegurança / Firewall,3,114,ALTA,"Cliente (ID): 3800
Problema Recorrente: SEGURANÇA (38 tickets abertos)
Serviços Atuais: FORTINET ANALYZER, FORTINET SUP E ATZ
Serviço Sugerido: Pacote de Cibersegurança / Firewall
Prioridade: ALTA

SCRIPT DE ABORDAGEM:
""Olá, notei que sua equipe tem aberto chamados técnicos relacionados a SEGURANÇA. 
Como vocês ainda não possuem nosso serviço de Pacote de Cibersegurança / Firewall, gostaria de agendar uma reunião de 15 minutos para apresentar como essa solução eliminaria esses incidentes. Que tal amanhã à tarde?"""
3957,SEGURANÇA,34,"FORTINET ANALYZER, FORTINET SUP E ATZ",Pacote de Cibersegurança / Firewall,3,102,ALTA,"Cliente (ID): 3957
Problema Recorrente: SEGURANÇA (34 tickets abertos)
Serviços Atuais: FORTINET ANALYZER, FORTINET SUP E ATZ
Serviço Sugerido: Pacote de Cibersegurança / Firewall
Prioridade: ALTA

SCRIPT DE ABORDAGEM:
""Olá, notei que sua equipe tem aberto chamados técnicos relacionados a SEGURANÇA. 
Como vocês ainda não possuem nosso serviço de Pacote de Cibersegurança / Firewall, gostaria de agendar uma reunião de 15 minutos para apresentar como essa solução eliminaria esses incidentes. Que tal amanhã à tarde?"""
3960,SEGURANÇA,62,"FORTINET ANALYZER, FORTINET SUP E ATZ",Pacote de Cibersegurança / Firewall,3,186,ALTA,"Cliente (ID): 3960
Problema Recorrente: SEGURANÇA (62 tickets abertos)
Serviços Atuais: FORTINET ANALYZER, FORTINET SUP E ATZ
Serviço Sugerido: Pacote de Cibersegurança / Firewall
Prioridade: ALTA

SCRIPT DE ABORDAGEM:
""Olá, notei que sua equipe tem aberto chamados técnicos relacionados a SEGURANÇA. 
Como vocês ainda não possuem nosso serviço de Pacote de Cibersegurança / Firewall, gostaria de agendar uma reunião de 15 minutos para apresentar como essa solução eliminaria esses incidentes. Que tal amanhã à tarde?"""
4084,SEGURANÇA,25,"FORTINET ANALYZER, FORTINET SUP E ATZ",Pacote de Cibersegurança / Firewall,3,75,MÉDIA,"Cliente (ID): 4084
Problema Recorrente: SEGURANÇA (25 tickets abertos)
Serviços Atuais: FORTINET ANALYZER, FORTINET SUP E ATZ
Serviço Sugerido: Pacote de Cibersegurança / Firewall
Prioridade: MÉDIA

SCRIPT DE ABORDAGEM:
""Olá, notei que sua equipe tem aberto chamados técnicos relacionados a SEGURANÇA. 
Como vocês ainda não possuem nosso serviço de Pacote de Cibersegurança / Firewall, gostaria de agendar uma reunião de 15 minutos para apresentar como essa solução eliminaria esses incidentes. Que tal amanhã à tarde?"""
4094,SEGURANÇA,26,"FORTINET ANALYZER, FORTINET SUP E ATZ",Pacote de Cibersegurança / Firewall,3,78,MÉDIA,"Cliente (ID): 4094
Problema Recorrente: SEGURANÇA (26 tickets abertos)
Serviços Atuais: FORTINET ANALYZER, FORTINET SUP E ATZ
Serviço Sugerido: Pacote de Cibersegurança / Firewall
Prioridade: MÉDIA

SCRIPT DE ABORDAGEM:
""Olá, notei que sua equipe tem aberto chamados técnicos relacionados a SEGURANÇA. 
Como vocês ainda não possuem nosso serviço de Pacote de Cibersegurança / Firewall, gostaria de agendar uma reunião de 15 minutos para apresentar como essa solução eliminaria esses incidentes. Que tal amanhã à tarde?"""
4252,SEGURANÇA,30,"DOMINIO - HOSPEDAGEM DOMINIO E SITE, E-MAIL - GENÉRICO",Pacote de Cibersegurança / Firewall,3,90,MÉDIA,"Cliente (ID): 4252
Problema Recorrente: SEGURANÇA (30 tickets abertos)
Serviços Atuais: DOMINIO - HOSPEDAGEM DOMINIO E SITE, E-MAIL - GENÉRICO
Serviço Sugerido: Pacote de Cibersegurança / Firewall
Prioridade: MÉDIA

SCRIPT DE ABORDAGEM:
""Olá, notei que sua equipe tem aberto chamados técnicos relacionados a SEGURANÇA. 
Como vocês ainda não possuem nosso serviço de Pacote de Cibersegurança / Firewall, gostaria de agendar uma reunião de 15 minutos para apresentar como essa solução eliminaria esses incidentes. Que tal amanhã à tarde?"""
4379,SEGURANÇA,33,"FORTINET ANALYZER, FORTINET SUP E ATZ",Pacote de Cibersegurança / Firewall,3,99,MÉDIA,"Cliente (ID): 4379
Problema Recorrente: SEGURANÇA (33 tickets abertos)
Serviços Atuais: FORTINET ANALYZER, FORTINET SUP E ATZ
Serviço Sugerido: Pacote de Cibersegurança / Firewall
Prioridade: MÉDIA

SCRIPT DE ABORDAGEM:
""Olá, notei que sua equipe tem aberto chamados técnicos relacionados a SEGURANÇA. 
Como vocês ainda não possuem nosso serviço de Pacote de Cibersegurança / Firewall, gostaria de agendar uma reunião de 15 minutos para apresentar como essa solução eliminaria esses incidentes. Que tal amanhã à tarde?"""
4550,INTERNET/REDE,21,FORTINET SUP E ATZ,Acesso Dedicado Link Corporativo,2,42,BAIXA,"Cliente (ID): 4550
Problema Recorrente: INTERNET/REDE (21 tickets abertos)
Serviços Atuais: FORTINET SUP E ATZ
Serviço Sugerido: Acesso Dedicado Link Corporativo
Prioridade: BAIXA

SCRIPT DE ABORDAGEM:
""Olá, notei que sua equipe tem aberto chamados técnicos relacionados a INTERNET/REDE. 
Como vocês ainda não possuem nosso serviço de Acesso Dedicado Link Corporativo, gostaria de agendar uma reunião de 15 minutos para apresentar como essa solução eliminaria esses incidentes. Que tal amanhã à tarde?"""
4600,INTERNET/REDE,25,"FORTINET ANALYZER, FORTINET SUP E ATZ",Acesso Dedicado Link Corporativo,2,50,MÉDIA,"Cliente (ID): 4600
Problema Recorrente: INTERNET/REDE (25 tickets abertos)
Serviços Atuais: FORTINET ANALYZER, FORTINET SUP E ATZ
Serviço Sugerido: Acesso Dedicado Link Corporativo
Prioridade: MÉDIA

SCRIPT DE ABORDAGEM:
""Olá, notei que sua equipe tem aberto chamados técnicos relacionados a INTERNET/REDE. 
Como vocês ainda não possuem nosso serviço de Acesso Dedicado Link Corporativo, gostaria de agendar uma reunião de 15 minutos para apresentar como essa solução eliminaria esses incidentes. Que tal amanhã à tarde?"""
4600,SEGURANÇA,49,"FORTINET ANALYZER, FORTINET SUP E ATZ",Pacote de Cibersegurança / Firewall,3,147,ALTA,"Cliente (ID): 4600
Problema Recorrente: SEGURANÇA (49 tickets abertos)
Serviços Atuais: FORTINET ANALYZER, FORTINET SUP E ATZ
Serviço Sugerido: Pacote de Cibersegurança / Firewall
Prioridade: ALTA

SCRIPT DE ABORDAGEM:
""Olá, notei que sua equipe tem aberto chamados técnicos relacionados a SEGURANÇA. 
Como vocês ainda não possuem nosso serviço de Pacote de Cibersegurança / Firewall, gostaria de agendar uma reunião de 15 minutos para apresentar como essa solução eliminaria esses incidentes. Que tal amanhã à tarde?"""
4766,INTERNET/REDE,20,"DOMINIO - HOSPEDAGEM DOMINIO E SITE, E-MAIL - GENÉRICO",Acesso Dedicado Link Corporativo,2,40,BAIXA,"Cliente (ID): 4766
Problema Recorrente: INTERNET/REDE (20 tickets abertos)
Serviços Atuais: DOMINIO - HOSPEDAGEM DOMINIO E SITE, E-MAIL - GENÉRICO
Serviço Sugerido: Acesso Dedicado Link Corporativo
Prioridade: BAIXA

SCRIPT DE ABORDAGEM:
""Olá, notei que sua equipe tem aberto chamados técnicos relacionados a INTERNET/REDE. 
Como vocês ainda não possuem nosso serviço de Acesso Dedicado Link Corporativo, gostaria de agendar uma reunião de 15 minutos para apresentar como essa solução eliminaria esses incidentes. Que tal amanhã à tarde?"""
4873,INTERNET/REDE,989,,Acesso Dedicado Link Corporativo,2,1978,ALTA,"Cliente (ID): 4873
Problema Recorrente: INTERNET/REDE (989 tickets abertos)
Serviços Atuais: 
Serviço Sugerido: Acesso Dedicado Link Corporativo
Prioridade: ALTA

SCRIPT DE ABORDAGEM:
""Olá, notei que sua equipe tem aberto chamados técnicos relacionados a INTERNET/REDE. 
Como vocês ainda não possuem nosso serviço de Acesso Dedicado Link Corporativo, gostaria de agendar uma reunião de 15 minutos para apresentar como essa solução eliminaria esses incidentes. Que tal amanhã à tarde?"""
5130,SEGURANÇA,43,"FORTINET ANALYZER, FORTINET SUP E ATZ",Pacote de Cibersegurança / Firewall,3,129,ALTA,"Cliente (ID): 5130
Problema Recorrente: SEGURANÇA (43 tickets abertos)
Serviços Atuais: FORTINET ANALYZER, FORTINET SUP E ATZ
Serviço Sugerido: Pacote de Cibersegurança / Firewall
Prioridade: ALTA

SCRIPT DE ABORDAGEM:
""Olá, notei que sua equipe tem aberto chamados técnicos relacionados a SEGURANÇA. 
Como vocês ainda não possuem nosso serviço de Pacote de Cibersegurança / Firewall, gostaria de agendar uma reunião de 15 minutos para apresentar como essa solução eliminaria esses incidentes. Que tal amanhã à tarde?"""
5290,SEGURANÇA,29,ACCESS POINT WIRELLES - LOCAÇÃO,Pacote de Cibersegurança / Firewall,3,87,MÉDIA,"Cliente (ID): 5290
Problema Recorrente: SEGURANÇA (29 tickets abertos)
Serviços Atuais: ACCESS POINT WIRELLES - LOCAÇÃO
Serviço Sugerido: Pacote de Cibersegurança / Firewall
Prioridade: MÉDIA

SCRIPT DE ABORDAGEM:
""Olá, notei que sua equipe tem aberto chamados técnicos relacionados a SEGURANÇA. 
Como vocês ainda não possuem nosso serviço de Pacote de Cibersegurança / Firewall, gostaria de agendar uma reunião de 15 minutos para apresentar como essa solução eliminaria esses incidentes. Que tal amanhã à tarde?"""
5347,SEGURANÇA,27,"FORTINET ANALYZER, FORTINET SUP E ATZ",Pacote de Cibersegurança / Firewall,3,81,MÉDIA,"Cliente (ID): 5347
Problema Recorrente: SEGURANÇA (27 tickets abertos)
Serviços Atuais: FORTINET ANALYZER, FORTINET SUP E ATZ
Serviço Sugerido: Pacote de Cibersegurança / Firewall
Prioridade: MÉDIA

SCRIPT DE ABORDAGEM:
""Olá, notei que sua equipe tem aberto chamados técnicos relacionados a SEGURANÇA. 
Como vocês ainda não possuem nosso serviço de Pacote de Cibersegurança / Firewall, gostaria de agendar uma reunião de 15 minutos para apresentar como essa solução eliminaria esses incidentes. Que tal amanhã à tarde?"""
5485,SEGURANÇA,23,"E-MAIL - GENÉRICO, TRUST MAIL",Pacote de Cibersegurança / Firewall,3,69,MÉDIA,"Cliente (ID): 5485
Problema Recorrente: SEGURANÇA (23 tickets abertos)
Serviços Atuais: E-MAIL - GENÉRICO, TRUST MAIL
Serviço Sugerido: Pacote de Cibersegurança / Firewall
Prioridade: MÉDIA

SCRIPT DE ABORDAGEM:
""Olá, notei que sua equipe tem aberto chamados técnicos relacionados a SEGURANÇA. 
Como vocês ainda não possuem nosso serviço de Pacote de Cibersegurança / Firewall, gostaria de agendar uma reunião de 15 minutos para apresentar como essa solução eliminaria esses incidentes. Que tal amanhã à tarde?"""
5601,SEGURANÇA,34,FORTINET SUP E ATZ,Pacote de Cibersegurança / Firewall,3,102,ALTA,"Cliente (ID): 5601
Problema Recorrente: SEGURANÇA (34 tickets abertos)
Serviços Atuais: FORTINET SUP E ATZ
Serviço Sugerido: Pacote de Cibersegurança / Firewall
Prioridade: ALTA

SCRIPT DE ABORDAGEM:
""Olá, notei que sua equipe tem aberto chamados técnicos relacionados a SEGURANÇA. 
Como vocês ainda não possuem nosso serviço de Pacote de Cibersegurança / Firewall, gostaria de agendar uma reunião de 15 minutos para apresentar como essa solução eliminaria esses incidentes. Que tal amanhã à tarde?"""
5662,BACKUP,29,"E-MAIL - GENÉRICO, SMTP",Backup Gerenciado,3,87,MÉDIA,"Cliente (ID): 5662
Problema Recorrente: BACKUP (29 tickets abertos)
Serviços Atuais: E-MAIL - GENÉRICO, SMTP
Serviço Sugerido: Backup Gerenciado
Prioridade: MÉDIA

SCRIPT DE ABORDAGEM:
""Olá, notei que sua equipe tem aberto chamados técnicos relacionados a BACKUP. 
Como vocês ainda não possuem nosso serviço de Backup Gerenciado, gostaria de agendar uma reunião de 15 minutos para apresentar como essa solução eliminaria esses incidentes. Que tal amanhã à tarde?"""
5662,SEGURANÇA,33,"E-MAIL - GENÉRICO, SMTP",Pacote de Cibersegurança / Firewall,3,99,MÉDIA,"Cliente (ID): 5662
Problema Recorrente: SEGURANÇA (33 tickets abertos)
Serviços Atuais: E-MAIL - GENÉRICO, SMTP
Serviço Sugerido: Pacote de Cibersegurança / Firewall
Prioridade: MÉDIA

SCRIPT DE ABORDAGEM:
""Olá, notei que sua equipe tem aberto chamados técnicos relacionados a SEGURANÇA. 
Como vocês ainda não possuem nosso serviço de Pacote de Cibersegurança / Firewall, gostaria de agendar uma reunião de 15 minutos para apresentar como essa solução eliminaria esses incidentes. Que tal amanhã à tarde?"""
5938,SEGURANÇA,59,"FORTINET ANALYZER, FORTINET SUP E ATZ",Pacote de Cibersegurança / Firewall,3,177,ALTA,"Cliente (ID): 5938
Problema Recorrente: SEGURANÇA (59 tickets abertos)
Serviços Atuais: FORTINET ANALYZER, FORTINET SUP E ATZ
Serviço Sugerido: Pacote de Cibersegurança / Firewall
Prioridade: ALTA

SCRIPT DE ABORDAGEM:
""Olá, notei que sua equipe tem aberto chamados técnicos relacionados a SEGURANÇA. 
Como vocês ainda não possuem nosso serviço de Pacote de Cibersegurança / Firewall, gostaria de agendar uma reunião de 15 minutos para apresentar como essa solução eliminaria esses incidentes. Que tal amanhã à tarde?"""
5945,SEGURANÇA,21,"FORTINET ANALYZER, FORTINET SUP E ATZ",Pacote de Cibersegurança / Firewall,3,63,MÉDIA,"Cliente (ID): 5945
Problema Recorrente: SEGURANÇA (21 tickets abertos)
Serviços Atuais: FORTINET ANALYZER, FORTINET SUP E ATZ
Serviço Sugerido: Pacote de Cibersegurança / Firewall
Prioridade: MÉDIA

SCRIPT DE ABORDAGEM:
""Olá, notei que sua equipe tem aberto chamados técnicos relacionados a SEGURANÇA. 
Como vocês ainda não possuem nosso serviço de Pacote de Cibersegurança / Firewall, gostaria de agendar uma reunião de 15 minutos para apresentar como essa solução eliminaria esses incidentes. Que tal amanhã à tarde?"""
6042,SEGURANÇA,55,"FORTINET ANALYZER, FORTINET SUP E ATZ",Pacote de Cibersegurança / Firewall,3,165,ALTA,"Cliente (ID): 6042
Problema Recorrente: SEGURANÇA (55 tickets abertos)
Serviços Atuais: FORTINET ANALYZER, FORTINET SUP E ATZ
Serviço Sugerido: Pacote de Cibersegurança / Firewall
Prioridade: ALTA

SCRIPT DE ABORDAGEM:
""Olá, notei que sua equipe tem aberto chamados técnicos relacionados a SEGURANÇA. 
Como vocês ainda não possuem nosso serviço de Pacote de Cibersegurança / Firewall, gostaria de agendar uma reunião de 15 minutos para apresentar como essa solução eliminaria esses incidentes. Que tal amanhã à tarde?"""
6075,INTERNET/REDE,990,,Acesso Dedicado Link Corporativo,2,1980,ALTA,"Cliente (ID): 6075
Problema Recorrente: INTERNET/REDE (990 tickets abertos)
Serviços Atuais: 
Serviço Sugerido: Acesso Dedicado Link Corporativo
Prioridade: ALTA

SCRIPT DE ABORDAGEM:
""Olá, notei que sua equipe tem aberto chamados técnicos relacionados a INTERNET/REDE. 
Como vocês ainda não possuem nosso serviço de Acesso Dedicado Link Corporativo, gostaria de agendar uma reunião de 15 minutos para apresentar como essa solução eliminaria esses incidentes. Que tal amanhã à tarde?"""
6116,SEGURANÇA,44,"ACESSO DEDICADO - IP, FORTINET SUP E ATZ",Pacote de Cibersegurança / Firewall,3,132,ALTA,"Cliente (ID): 6116
Problema Recorrente: SEGURANÇA (44 tickets abertos)
Serviços Atuais: ACESSO DEDICADO - IP, FORTINET SUP E ATZ
Serviço Sugerido: Pacote de Cibersegurança / Firewall
Prioridade: ALTA

SCRIPT DE ABORDAGEM:
""Olá, notei que sua equipe tem aberto chamados técnicos relacionados a SEGURANÇA. 
Como vocês ainda não possuem nosso serviço de Pacote de Cibersegurança / Firewall, gostaria de agendar uma reunião de 15 minutos para apresentar como essa solução eliminaria esses incidentes. Que tal amanhã à tarde?"""
6291,SEGURANÇA,40,"FORTINET ANALYZER, FORTINET SUP E ATZ",Pacote de Cibersegurança / Firewall,3,120,ALTA,"Cliente (ID): 6291
Problema Recorrente: SEGURANÇA (40 tickets abertos)
Serviços Atuais: FORTINET ANALYZER, FORTINET SUP E ATZ
Serviço Sugerido: Pacote de Cibersegurança / Firewall
Prioridade: ALTA

SCRIPT DE ABORDAGEM:
""Olá, notei que sua equipe tem aberto chamados técnicos relacionados a SEGURANÇA. 
Como vocês ainda não possuem nosso serviço de Pacote de Cibersegurança / Firewall, gostaria de agendar uma reunião de 15 minutos para apresentar como essa solução eliminaria esses incidentes. Que tal amanhã à tarde?"""
6328,SEGURANÇA,40,"FORTINET ANALYZER, FORTINET SUP E ATZ",Pacote de Cibersegurança / Firewall,3,120,ALTA,"Cliente (ID): 6328
Problema Recorrente: SEGURANÇA (40 tickets abertos)
Serviços Atuais: FORTINET ANALYZER, FORTINET SUP E ATZ
Serviço Sugerido: Pacote de Cibersegurança / Firewall
Prioridade: ALTA

SCRIPT DE ABORDAGEM:
""Olá, notei que sua equipe tem aberto chamados técnicos relacionados a SEGURANÇA. 
Como vocês ainda não possuem nosso serviço de Pacote de Cibersegurança / Firewall, gostaria de agendar uma reunião de 15 minutos para apresentar como essa solução eliminaria esses incidentes. Que tal amanhã à tarde?"""
6435,INTERNET/REDE,552,,Acesso Dedicado Link Corporativo,2,1104,ALTA,"Cliente (ID): 6435
Problema Recorrente: INTERNET/REDE (552 tickets abertos)
Serviços Atuais: 
Serviço Sugerido: Acesso Dedicado Link Corporativo
Prioridade: ALTA

SCRIPT DE ABORDAGEM:
""Olá, notei que sua equipe tem aberto chamados técnicos relacionados a INTERNET/REDE. 
Como vocês ainda não possuem nosso serviço de Acesso Dedicado Link Corporativo, gostaria de agendar uma reunião de 15 minutos para apresentar como essa solução eliminaria esses incidentes. Que tal amanhã à tarde?"""
6462,SEGURANÇA,53,"ANTISPAM SPF+GREYLIST, SMTP",Pacote de Cibersegurança / Firewall,3,159,ALTA,"Cliente (ID): 6462
Problema Recorrente: SEGURANÇA (53 tickets abertos)
Serviços Atuais: ANTISPAM SPF+GREYLIST, SMTP
Serviço Sugerido: Pacote de Cibersegurança / Firewall
Prioridade: ALTA

SCRIPT DE ABORDAGEM:
""Olá, notei que sua equipe tem aberto chamados técnicos relacionados a SEGURANÇA. 
Como vocês ainda não possuem nosso serviço de Pacote de Cibersegurança / Firewall, gostaria de agendar uma reunião de 15 minutos para apresentar como essa solução eliminaria esses incidentes. Que tal amanhã à tarde?"""
6523,SEGURANÇA,60,"FORTINET ANALYZER, FORTINET SUP E ATZ",Pacote de Cibersegurança / Firewall,3,180,ALTA,"Cliente (ID): 6523
Problema Recorrente: SEGURANÇA (60 tickets abertos)
Serviços Atuais: FORTINET ANALYZER, FORTINET SUP E ATZ
Serviço Sugerido: Pacote de Cibersegurança / Firewall
Prioridade: ALTA

SCRIPT DE ABORDAGEM:
""Olá, notei que sua equipe tem aberto chamados técnicos relacionados a SEGURANÇA. 
Como vocês ainda não possuem nosso serviço de Pacote de Cibersegurança / Firewall, gostaria de agendar uma reunião de 15 minutos para apresentar como essa solução eliminaria esses incidentes. Que tal amanhã à tarde?"""
6641,INTERNET/REDE,55,FORTINET - SÓ SUPORTE,Acesso Dedicado Link Corporativo,2,110,ALTA,"Cliente (ID): 6641
Problema Recorrente: INTERNET/REDE (55 tickets abertos)
Serviços Atuais: FORTINET - SÓ SUPORTE
Serviço Sugerido: Acesso Dedicado Link Corporativo
Prioridade: ALTA

SCRIPT DE ABORDAGEM:
""Olá, notei que sua equipe tem aberto chamados técnicos relacionados a INTERNET/REDE. 
Como vocês ainda não possuem nosso serviço de Acesso Dedicado Link Corporativo, gostaria de agendar uma reunião de 15 minutos para apresentar como essa solução eliminaria esses incidentes. Que tal amanhã à tarde?"""
6641,SEGURANÇA,95,FORTINET - SÓ SUPORTE,Pacote de Cibersegurança / Firewall,3,285,ALTA,"Cliente (ID): 6641
Problema Recorrente: SEGURANÇA (95 tickets abertos)
Serviços Atuais: FORTINET - SÓ SUPORTE
Serviço Sugerido: Pacote de Cibersegurança / Firewall
Prioridade: ALTA

SCRIPT DE ABORDAGEM:
""Olá, notei que sua equipe tem aberto chamados técnicos relacionados a SEGURANÇA. 
Como vocês ainda não possuem nosso serviço de Pacote de Cibersegurança / Firewall, gostaria de agendar uma reunião de 15 minutos para apresentar como essa solução eliminaria esses incidentes. Que tal amanhã à tarde?"""
6682,INTERNET/REDE,48,FORTINET SUP E ATZ,Acesso Dedicado Link Corporativo,2,96,MÉDIA,"Cliente (ID): 6682
Problema Recorrente: INTERNET/REDE (48 tickets abertos)
Serviços Atuais: FORTINET SUP E ATZ
Serviço Sugerido: Acesso Dedicado Link Corporativo
Prioridade: MÉDIA

SCRIPT DE ABORDAGEM:
""Olá, notei que sua equipe tem aberto chamados técnicos relacionados a INTERNET/REDE. 
Como vocês ainda não possuem nosso serviço de Acesso Dedicado Link Corporativo, gostaria de agendar uma reunião de 15 minutos para apresentar como essa solução eliminaria esses incidentes. Que tal amanhã à tarde?"""
6682,SEGURANÇA,96,FORTINET SUP E ATZ,Pacote de Cibersegurança / Firewall,3,288,ALTA,"Cliente (ID): 6682
Problema Recorrente: SEGURANÇA (96 tickets abertos)
Serviços Atuais: FORTINET SUP E ATZ
Serviço Sugerido: Pacote de Cibersegurança / Firewall
Prioridade: ALTA

SCRIPT DE ABORDAGEM:
""Olá, notei que sua equipe tem aberto chamados técnicos relacionados a SEGURANÇA. 
Como vocês ainda não possuem nosso serviço de Pacote de Cibersegurança / Firewall, gostaria de agendar uma reunião de 15 minutos para apresentar como essa solução eliminaria esses incidentes. Que tal amanhã à tarde?"""
6696,SEGURANÇA,32,"FORTINET ANALYZER, FORTINET SUP E ATZ",Pacote de Cibersegurança / Firewall,3,96,MÉDIA,"Cliente (ID): 6696
Problema Recorrente: SEGURANÇA (32 tickets abertos)
Serviços Atuais: FORTINET ANALYZER, FORTINET SUP E ATZ
Serviço Sugerido: Pacote de Cibersegurança / Firewall
Prioridade: MÉDIA

SCRIPT DE ABORDAGEM:
""Olá, notei que sua equipe tem aberto chamados técnicos relacionados a SEGURANÇA. 
Como vocês ainda não possuem nosso serviço de Pacote de Cibersegurança / Firewall, gostaria de agendar uma reunião de 15 minutos para apresentar como essa solução eliminaria esses incidentes. Que tal amanhã à tarde?"""
6774,INTERNET/REDE,26,"FORTINET ANALYZER, FORTINET SUP E ATZ",Acesso Dedicado Link Corporativo,2,52,MÉDIA,"Cliente (ID): 6774
Problema Recorrente: INTERNET/REDE (26 tickets abertos)
Serviços Atuais: FORTINET ANALYZER, FORTINET SUP E ATZ
Serviço Sugerido: Acesso Dedicado Link Corporativo
Prioridade: MÉDIA

SCRIPT DE ABORDAGEM:
""Olá, notei que sua equipe tem aberto chamados técnicos relacionados a INTERNET/REDE. 
Como vocês ainda não possuem nosso serviço de Acesso Dedicado Link Corporativo, gostaria de agendar uma reunião de 15 minutos para apresentar como essa solução eliminaria esses incidentes. Que tal amanhã à tarde?"""
6774,SEGURANÇA,103,"FORTINET ANALYZER, FORTINET SUP E ATZ",Pacote de Cibersegurança / Firewall,3,309,ALTA,"Cliente (ID): 6774
Problema Recorrente: SEGURANÇA (103 tickets abertos)
Serviços Atuais: FORTINET ANALYZER, FORTINET SUP E ATZ
Serviço Sugerido: Pacote de Cibersegurança / Firewall
Prioridade: ALTA

SCRIPT DE ABORDAGEM:
""Olá, notei que sua equipe tem aberto chamados técnicos relacionados a SEGURANÇA. 
Como vocês ainda não possuem nosso serviço de Pacote de Cibersegurança / Firewall, gostaria de agendar uma reunião de 15 minutos para apresentar como essa solução eliminaria esses incidentes. Que tal amanhã à tarde?"""
6958,SEGURANÇA,50,SONICWALL - SÓ SUPORTE,Pacote de Cibersegurança / Firewall,3,150,ALTA,"Cliente (ID): 6958
Problema Recorrente: SEGURANÇA (50 tickets abertos)
Serviços Atuais: SONICWALL - SÓ SUPORTE
Serviço Sugerido: Pacote de Cibersegurança / Firewall
Prioridade: ALTA

SCRIPT DE ABORDAGEM:
""Olá, notei que sua equipe tem aberto chamados técnicos relacionados a SEGURANÇA. 
Como vocês ainda não possuem nosso serviço de Pacote de Cibersegurança / Firewall, gostaria de agendar uma reunião de 15 minutos para apresentar como essa solução eliminaria esses incidentes. Que tal amanhã à tarde?"""
6988,SEGURANÇA,34,FORTINET SUP E ATZ,Pacote de Cibersegurança / Firewall,3,102,ALTA,"Cliente (ID): 6988
Problema Recorrente: SEGURANÇA (34 tickets abertos)
Serviços Atuais: FORTINET SUP E ATZ
Serviço Sugerido: Pacote de Cibersegurança / Firewall
Prioridade: ALTA

SCRIPT DE ABORDAGEM:
""Olá, notei que sua equipe tem aberto chamados técnicos relacionados a SEGURANÇA. 
Como vocês ainda não possuem nosso serviço de Pacote de Cibersegurança / Firewall, gostaria de agendar uma reunião de 15 minutos para apresentar como essa solução eliminaria esses incidentes. Que tal amanhã à tarde?"""
7001,INTERNET/REDE,32,,Acesso Dedicado Link Corporativo,2,64,MÉDIA,"Cliente (ID): 7001
Problema Recorrente: INTERNET/REDE (32 tickets abertos)
Serviços Atuais: 
Serviço Sugerido: Acesso Dedicado Link Corporativo
Prioridade: MÉDIA

SCRIPT DE ABORDAGEM:
""Olá, notei que sua equipe tem aberto chamados técnicos relacionados a INTERNET/REDE. 
Como vocês ainda não possuem nosso serviço de Acesso Dedicado Link Corporativo, gostaria de agendar uma reunião de 15 minutos para apresentar como essa solução eliminaria esses incidentes. Que tal amanhã à tarde?"""
7001,SEGURANÇA,60,,Pacote de Cibersegurança / Firewall,3,180,ALTA,"Cliente (ID): 7001
Problema Recorrente: SEGURANÇA (60 tickets abertos)
Serviços Atuais: 
Serviço Sugerido: Pacote de Cibersegurança / Firewall
Prioridade: ALTA

SCRIPT DE ABORDAGEM:
""Olá, notei que sua equipe tem aberto chamados técnicos relacionados a SEGURANÇA. 
Como vocês ainda não possuem nosso serviço de Pacote de Cibersegurança / Firewall, gostaria de agendar uma reunião de 15 minutos para apresentar como essa solução eliminaria esses incidentes. Que tal amanhã à tarde?"""
7075,SEGURANÇA,31,"FORTINET ANALYZER, FORTINET SUP E ATZ",Pacote de Cibersegurança / Firewall,3,93,MÉDIA,"Cliente (ID): 7075
Problema Recorrente: SEGURANÇA (31 tickets abertos)
Serviços Atuais: FORTINET ANALYZER, FORTINET SUP E ATZ
Serviço Sugerido: Pacote de Cibersegurança / Firewall
Prioridade: MÉDIA

SCRIPT DE ABORDAGEM:
""Olá, notei que sua equipe tem aberto chamados técnicos relacionados a SEGURANÇA. 
Como vocês ainda não possuem nosso serviço de Pacote de Cibersegurança / Firewall, gostaria de agendar uma reunião de 15 minutos para apresentar como essa solução eliminaria esses incidentes. Que tal amanhã à tarde?"""
7147,SEGURANÇA,39,"FORTINET ANALYZER, FORTINET SUP E ATZ",Pacote de Cibersegurança / Firewall,3,117,ALTA,"Cliente (ID): 7147
Problema Recorrente: SEGURANÇA (39 tickets abertos)
Serviços Atuais: FORTINET ANALYZER, FORTINET SUP E ATZ
Serviço Sugerido: Pacote de Cibersegurança / Firewall
Prioridade: ALTA

SCRIPT DE ABORDAGEM:
""Olá, notei que sua equipe tem aberto chamados técnicos relacionados a SEGURANÇA. 
Como vocês ainda não possuem nosso serviço de Pacote de Cibersegurança / Firewall, gostaria de agendar uma reunião de 15 minutos para apresentar como essa solução eliminaria esses incidentes. Que tal amanhã à tarde?"""
7261,SEGURANÇA,24,"FORTINET ANALYZER, FORTINET SUP E ATZ",Pacote de Cibersegurança / Firewall,3,72,MÉDIA,"Cliente (ID): 7261
Problema Recorrente: SEGURANÇA (24 tickets abertos)
Serviços Atuais: FORTINET ANALYZER, FORTINET SUP E ATZ
Serviço Sugerido: Pacote de Cibersegurança / Firewall
Prioridade: MÉDIA

SCRIPT DE ABORDAGEM:
""Olá, notei que sua equipe tem aberto chamados técnicos relacionados a SEGURANÇA. 
Como vocês ainda não possuem nosso serviço de Pacote de Cibersegurança / Firewall, gostaria de agendar uma reunião de 15 minutos para apresentar como essa solução eliminaria esses incidentes. Que tal amanhã à tarde?"""
7296,SEGURANÇA,38,,Pacote de Cibersegurança / Firewall,3,114,ALTA,"Cliente (ID): 7296
Problema Recorrente: SEGURANÇA (38 tickets abertos)
Serviços Atuais: 
Serviço Sugerido: Pacote de Cibersegurança / Firewall
Prioridade: ALTA

SCRIPT DE ABORDAGEM:
""Olá, notei que sua equipe tem aberto chamados técnicos relacionados a SEGURANÇA. 
Como vocês ainda não possuem nosso serviço de Pacote de Cibersegurança / Firewall, gostaria de agendar uma reunião de 15 minutos para apresentar como essa solução eliminaria esses incidentes. Que tal amanhã à tarde?"""
7302,INTERNET/REDE,38,"FORTINET ANALYZER, FORTINET SUP E ATZ",Acesso Dedicado Link Corporativo,2,76,MÉDIA,"Cliente (ID): 7302
Problema Recorrente: INTERNET/REDE (38 tickets abertos)
Serviços Atuais: FORTINET ANALYZER, FORTINET SUP E ATZ
Serviço Sugerido: Acesso Dedicado Link Corporativo
Prioridade: MÉDIA

SCRIPT DE ABORDAGEM:
""Olá, notei que sua equipe tem aberto chamados técnicos relacionados a INTERNET/REDE. 
Como vocês ainda não possuem nosso serviço de Acesso Dedicado Link Corporativo, gostaria de agendar uma reunião de 15 minutos para apresentar como essa solução eliminaria esses incidentes. Que tal amanhã à tarde?"""
7302,SEGURANÇA,36,"FORTINET ANALYZER, FORTINET SUP E ATZ",Pacote de Cibersegurança / Firewall,3,108,ALTA,"Cliente (ID): 7302
Problema Recorrente: SEGURANÇA (36 tickets abertos)
Serviços Atuais: FORTINET ANALYZER, FORTINET SUP E ATZ
Serviço Sugerido: Pacote de Cibersegurança / Firewall
Prioridade: ALTA

SCRIPT DE ABORDAGEM:
""Olá, notei que sua equipe tem aberto chamados técnicos relacionados a SEGURANÇA. 
Como vocês ainda não possuem nosso serviço de Pacote de Cibersegurança / Firewall, gostaria de agendar uma reunião de 15 minutos para apresentar como essa solução eliminaria esses incidentes. Que tal amanhã à tarde?"""
7385,SEGURANÇA,77,"FORTINET ANALYZER, FORTINET SUP E ATZ",Pacote de Cibersegurança / Firewall,3,231,ALTA,"Cliente (ID): 7385
Problema Recorrente: SEGURANÇA (77 tickets abertos)
Serviços Atuais: FORTINET ANALYZER, FORTINET SUP E ATZ
Serviço Sugerido: Pacote de Cibersegurança / Firewall
Prioridade: ALTA

SCRIPT DE ABORDAGEM:
""Olá, notei que sua equipe tem aberto chamados técnicos relacionados a SEGURANÇA. 
Como vocês ainda não possuem nosso serviço de Pacote de Cibersegurança / Firewall, gostaria de agendar uma reunião de 15 minutos para apresentar como essa solução eliminaria esses incidentes. Que tal amanhã à tarde?"""
7412,SEGURANÇA,84,"FORTINET ANALYZER, FORTINET SUP E ATZ",Pacote de Cibersegurança / Firewall,3,252,ALTA,"Cliente (ID): 7412
Problema Recorrente: SEGURANÇA (84 tickets abertos)
Serviços Atuais: FORTINET ANALYZER, FORTINET SUP E ATZ
Serviço Sugerido: Pacote de Cibersegurança / Firewall
Prioridade: ALTA

SCRIPT DE ABORDAGEM:
""Olá, notei que sua equipe tem aberto chamados técnicos relacionados a SEGURANÇA. 
Como vocês ainda não possuem nosso serviço de Pacote de Cibersegurança / Firewall, gostaria de agendar uma reunião de 15 minutos para apresentar como essa solução eliminaria esses incidentes. Que tal amanhã à tarde?"""
7457,SEGURANÇA,61,FORTINET SUP E ATZ,Pacote de Cibersegurança / Firewall,3,183,ALTA,"Cliente (ID): 7457
Problema Recorrente: SEGURANÇA (61 tickets abertos)
Serviços Atuais: FORTINET SUP E ATZ
Serviço Sugerido: Pacote de Cibersegurança / Firewall
Prioridade: ALTA

SCRIPT DE ABORDAGEM:
""Olá, notei que sua equipe tem aberto chamados técnicos relacionados a SEGURANÇA. 
Como vocês ainda não possuem nosso serviço de Pacote de Cibersegurança / Firewall, gostaria de agendar uma reunião de 15 minutos para apresentar como essa solução eliminaria esses incidentes. Que tal amanhã à tarde?"""
7591,INTERNET/REDE,79,,Acesso Dedicado Link Corporativo,2,158,ALTA,"Cliente (ID): 7591
Problema Recorrente: INTERNET/REDE (79 tickets abertos)
Serviços Atuais: 
Serviço Sugerido: Acesso Dedicado Link Corporativo
Prioridade: ALTA

SCRIPT DE ABORDAGEM:
""Olá, notei que sua equipe tem aberto chamados técnicos relacionados a INTERNET/REDE. 
Como vocês ainda não possuem nosso serviço de Acesso Dedicado Link Corporativo, gostaria de agendar uma reunião de 15 minutos para apresentar como essa solução eliminaria esses incidentes. Que tal amanhã à tarde?"""
9078,SEGURANÇA,27,"FORTINET ANALYZER, FORTINET SUP E ATZ",Pacote de Cibersegurança / Firewall,3,81,MÉDIA,"Cliente (ID): 9078
Problema Recorrente: SEGURANÇA (27 tickets abertos)
Serviços Atuais: FORTINET ANALYZER, FORTINET SUP E ATZ
Serviço Sugerido: Pacote de Cibersegurança / Firewall
Prioridade: MÉDIA

SCRIPT DE ABORDAGEM:
""Olá, notei que sua equipe tem aberto chamados técnicos relacionados a SEGURANÇA. 
Como vocês ainda não possuem nosso serviço de Pacote de Cibersegurança / Firewall, gostaria de agendar uma reunião de 15 minutos para apresentar como essa solução eliminaria esses incidentes. Que tal amanhã à tarde?"""
10000,BACKUP,68,,Backup Gerenciado,3,204,ALTA,"Cliente (ID): 10000
Problema Recorrente: BACKUP (68 tickets abertos)
Serviços Atuais: 
Serviço Sugerido: Backup Gerenciado
Prioridade: ALTA

SCRIPT DE ABORDAGEM:
""Olá, notei que sua equipe tem aberto chamados técnicos relacionados a BACKUP. 
Como vocês ainda não possuem nosso serviço de Backup Gerenciado, gostaria de agendar uma reunião de 15 minutos para apresentar como essa solução eliminaria esses incidentes. Que tal amanhã à tarde?"""
10000,INTERNET/REDE,83,,Acesso Dedicado Link Corporativo,2,166,ALTA,"Cliente (ID): 10000
Problema Recorrente: INTERNET/REDE (83 tickets abertos)
Serviços Atuais: 
Serviço Sugerido: Acesso Dedicado Link Corporativo
Prioridade: ALTA

SCRIPT DE ABORDAGEM:
""Olá, notei que sua equipe tem aberto chamados técnicos relacionados a INTERNET/REDE. 
Como vocês ainda não possuem nosso serviço de Acesso Dedicado Link Corporativo, gostaria de agendar uma reunião de 15 minutos para apresentar como essa solução eliminaria esses incidentes. Que tal amanhã à tarde?"""
10000,SEGURANÇA,297,,Pacote de Cibersegurança / Firewall,3,891,ALTA,"Cliente (ID): 10000
Problema Recorrente: SEGURANÇA (297 tickets abertos)
Serviços Atuais: 
Serviço Sugerido: Pacote de Cibersegurança / Firewall
Prioridade: ALTA

SCRIPT DE ABORDAGEM:
""Olá, notei que sua equipe tem aberto chamados técnicos relacionados a SEGURANÇA. 
Como vocês ainda não possuem nosso serviço de Pacote de Cibersegurança / Firewall, gostaria de agendar uma reunião de 15 minutos para apresentar como essa solução eliminaria esses incidentes. Que tal amanhã à tarde?"""
